{
  "formatVersion": 1,
  "database": {
    "version": 1,
    "identityHash": "3e4fc349c7e47ef58902f587531caab0",
    "entities": [
      {
        "tableName": "PokemonEntity",
        "createSql": "CREATE TABLE IF NOT EXISTS `${TABLE_NAME}` (`page` INTEGER NOT NULL, `name` TEXT NOT NULL, `url` TEXT NOT NULL, PRIMARY KEY(`name`))",
        "fields": [
          {
            "fieldPath": "page",
            "columnName": "page",
            "affinity": "INTEGER",
            "notNull": true
          },
          {
            "fieldPath": "name",
            "columnName": "name",
            "affinity": "TEXT",
            "notNull": true
          },
          {
            "fieldPath": "url",
            "columnName": "url",
            "affinity": "TEXT",
            "notNull": true
          }
        ],
        "primaryKey": {
          "columnNames": [
            "name"
          ],
          "autoGenerate": false
        },
        "indices": [],
        "foreignKeys": []
      },
      {
        "tableName": "PokemonInfoEntity",
        "createSql": "CREATE TABLE IF NOT EXISTS `${TABLE_NAME}` (`id` INTEGER NOT NULL, `name` TEXT NOT NULL, `height` INTEGER NOT NULL, `weight` INTEGER NOT NULL, `experience` INTEGER NOT NULL, `types` TEXT NOT NULL, `hp` INTEGER NOT NULL, `attack` INTEGER NOT NULL, `defense` INTEGER NOT NULL, `speed` INTEGER NOT NULL, `exp` INTEGER NOT NULL, PRIMARY KEY(`id`))",
        "fields": [
          {
            "fieldPath": "id",
            "columnName": "id",
            "affinity": "INTEGER",
            "notNull": true
          },
          {
            "fieldPath": "name",
            "columnName": "name",
            "affinity": "TEXT",
            "notNull": true
          },
          {
            "fieldPath": "height",
            "columnName": "height",
            "affinity": "INTEGER",
            "notNull": true
          },
          {
            "fieldPath": "weight",
            "columnName": "weight",
            "affinity": "INTEGER",
            "notNull": true
          },
          {
            "fieldPath": "experience",
            "columnName": "experience",
            "affinity": "INTEGER",
            "notNull": true
          },
          {
            "fieldPath": "types",
            "columnName": "types",
            "affinity": "TEXT",
            "notNull": true
          },
          {
            "fieldPath": "hp",
            "columnName": "hp",
            "affinity": "INTEGER",
            "notNull": true
          },
          {
            "fieldPath": "attack",
            "columnName": "attack",
            "affinity": "INTEGER",
            "notNull": true
          },
          {
            "fieldPath": "defense",
            "columnName": "defense",
            "affinity": "INTEGER",
            "notNull": true
          },
          {
            "fieldPath": "speed",
            "columnName": "speed",
            "affinity": "INTEGER",
            "notNull": true
          },
          {
            "fieldPath": "exp",
            "columnName": "exp",
            "affinity": "INTEGER",
            "notNull": true
          }
        ],
        "primaryKey": {
          "columnNames": [
            "id"
          ],
          "autoGenerate": false
        },
        "indices": [],
        "foreignKeys": []
      }
    ],
    "views": [],
    "setupQueries": [
      "CREATE TABLE IF NOT EXISTS room_master_table (id INTEGER PRIMARY KEY,identity_hash TEXT)",
      "INSERT OR REPLACE INTO room_master_table (id,identity_hash) VALUES(42, '3e4fc349c7e47ef58902f587531caab0')"
    ]
  }
}