{
  "$schema": "https://docs.renovatebot.com/renovate-schema.json",
  "extends": [
    "config:base"
  ],
  "packageRules": [
    {
      "groupName": "Kotlin, KSP and Compose Compiler",
      "groupSlug": "kotlin",
      "matchPackagePrefixes": [
        "com.google.devtools.ksp",
        "androidx.compose.compiler"
      ],
      "matchPackagePatterns": [
        "org.jetbrains.kotlin.*"
      ]
    },
    {
      "description": "Automatically merge minor and patch-level updates",
      "matchUpdateTypes": ["minor", "patch", "digest"],
      "automerge": true,
      "automergeType": "pr",
      "platformAutomerge": true
    }
  ]
}
